,pmid,title,abstract,journal,year
92,42625765,"Molecular Detection of Virulence Genes and Multi-drug Resistance Patterns in <i>Streptococcus Agalactiae</i> in Clinical Bovine Mastitis: Tehran and Alborz Provinces, Iran.","<i>Streptococcus agalactiae</i> is one of the important causes of mastitis in cows. The ability of <i>S. agalactiae</i> to cause disease depends on the production of a large number of virulence factors encoded by different genes. The overuse of antibiotics to treat mastitis can lead to antibiotic resistance. This research was conducted to detect selected virulence genes and assess the antibiotic resistance of <i>S. agalactiae</i>. A total of 30 bacteria that isolated from clinical cases of mastitis and characterized as <i>S. agalactiae</i> by conventional cultural methods was collected from veterinary diagnostic laboratories. Then, these isolates undergo further characterization by detecting virulence genes by molecular methods and antibiotic resistance by disc diffusion method. Of these, 24 samples were confirmed as <i>S. agalactiae</i> through the detection of the two <i>16S-23S rRNA</i> genes. The disk diffusion method, using a panel of 10 antimicrobial agents, showed a large number of strains resistant simultaneously to six antibiotics. Five virulence genes <i>bac</i>, <i>bca</i>, <i>cylE</i>, <i>hylB</i>, and <i>cfb</i> were screened by polymerase chain reaction (PCR). The <i>cfb</i> and <i>hylB</i> genes were found in 95.83 % of the isolates,while the <i>cylE</i> gene was detected in 29.16% of the isolates. The <i>bca</i> and <i>bac</i> genes were not detected in any of the isolates. The absence of <i>bac</i> and <i>bca</i> genes suggests that they likely have minimal impact on the pathogenesis of <i>S. agalactiae</i> mastitis in dairy cows, while the <i>hylB</i> and <i>cfb</i> genes play a crucial role in this condition. The results presented here are one of the first molecular data concerning these five virulence genes in <i>S. agalactiae</i> isolates causing bovine mastitis in the Tehran and Alborz provinces, providing a foundation for the development of diagnostic, preventive, and therapeutic methods.",Archives of Razi Institute,2025.0
93,42621305,N6-methyladenosine-modified circLPAR3 drives docetaxel resistance in prostate cancer by suppressing ferroptosis through the PCBP2/CHAC1 axis.,"Epigenetic mechanisms represented by N6-methyladenosine (m<sup>6</sup>A) modifications and circular RNAs (circRNAs) regulate chemotherapy resistance in prostate cancer (PCa). Here, we stuided the role of m<sup>6</sup>A-modified circLPAR3 in assisting docetaxel (DTX) resistance in PCa and the mechanism of its regulatory function. The expression of circLPAR3 was higher in all three drug-resistant cell lines than in the corresponding parental cell lines and was mainly localized in the cytoplasm. The m<sup>6</sup>A modification and stability enhancement of circLPAR3 by the METTL3/IGF2BP2 axis was primarily determined by expression assays, stability assays, and mass spectrometry. Functionally, circLPAR3 reduced the sensitivity of PCa cells to DTX and promoted PCa proliferation in a DTX environment. In addition, circLPAR3 reduced cytotoxicity by inhibiting the DTX-induced ferroptosis effect. Mechanistically, circLPAR3 downregulated the expression of CHAC1, an emerging driver of ferroptosis. PCBP2 was identified as a mediating RNA-binding protein between circLPAR3 and CHAC1. On the one hand, it shares a very high binding phase with circLPAR3 without interfering with each other's expression; on the other hand, it increases mRNA stability by binding to the 3' UTR of CHAC1, which is interfered by circLPAR3. In conclusion, m<sup>6</sup>A-modified circLPAR3 inhibits CHAC1 expression by competitively binding to PCBP2, ultimately conferring docetaxel resistance to PCa.",Genes & diseases,2026.0
179,42632605,Benzene Metabolite-Targeted Gene ATF7IP2 Drives Glutamate Metabolic Reprogramming to Promote Acute Myeloid Leukemia Initiation.,"Benzene exposure is a recognized environmental risk factor for acute myeloid leukemia (AML). This study aimed to identify key drivers of benzene-associated AML and elucidate its pathogenic mechanisms. Candidate genes were screened by integrating two-sample Mendelian randomization (MR), transcriptomics, and single-cell sequencing data. Their biological functions were validated using functional experiments and metabolomics, and the efficacy of targeted interventions was assessed using in vivo and in vitro models. Integrated analysis identified 138 genes associated with AML, among which ATF7IP2 was a reliable prognostic biomarker and independent risk factor. Benzene significantly upregulated ATF7IP2 expression in a dose-dependent manner. Mechanistically, ATF7IP2 is a key regulator of glutamate metabolism; knockdown of ATF7IP2 reduces intracellular glutamate/glutamine levels, thereby impairing cell viability and inducing cell cycle arrest, while exogenous glutamate can prevent these effects. scRNA-seq and trajectory analysis showed that in a benzene-associated microenvironment, ATF7IP2 drives the malignant differentiation of hematopoietic stem cells (HSCs) into a leukemia precursor stem cell (pre-LSC) subset. The peptidomimetic inhibitor TCMCB07, targeting this axis, inhibited leukemia cell proliferation, delayed disease progression, and prolonged mouse survival. Our results indicate that ATF7IP2 is a key transcriptional metabolic hub that mediates benzene-induced AML by reprogramming glutamate metabolism and driving the conversion of HSCs to pre-LSCs.",Toxicology letters,2026.0
124,41415885,R183Q GNAQ Sturge-Weber syndrome Leptomeningeal and Cerebrovascular Developmental Mouse Model.,"Sturge-Weber syndrome (SWS), a rare neurovascular malformation disorder, is usually caused by the R183Q GNAQ somatic mosaic mutation enriched in brain endothelial cells. A developmental mouse model of SWS brain involvement is needed to investigate mutation impact upon brain vascular development and to facilitate preclinical drug studies. A new Tet-ON R183Q GNAQ transgenic mouse line was paired with rtTA tet transactivator mice under the <i>Tie2</i> promoter to generate mice expressing endothelial R183Q GNAQ in the presence of doxycycline. Litters were perfused at P14-17; half received a sub-seizure dose (1.5 mg/kg; i.p.) of kainate an hour before perfusion. A subset were perfused with Evans blue. Fixed mouse brains were stained with X-gal, DAPI, and antibodies for Gαq, Tie2, phosphorylated-S6, and claudin-5. Images were scored for vessel staining intensity. X-gal staining was seen only in mutant mice; leptomeningeal endothelial X-gal staining was more frequent in kainate-treated mice (<i>p</i> < 0.001). When perfused with Evans blue, only mutant brains showed severe staining (<i>p</i> = 0.028). Median phosphorylated-S6 vessel scores were significantly higher in the leptomeninges of mutant mice (<i>p</i> = 0.035). Mutant cortical microvessels demonstrated discontinuous claudin-5 and phosphorylated-S6 staining as well as increased vessel length in kainate-treated mice (<i>p</i> = 0.024). The new R183Q GNAQ Tet-ON developmental mouse brain model of SWS demonstrates endothelial expression of mutant Gαq associated with blood brain barrier breakdown, altered vascular mTOR activity, and abnormal cortical microvessel structure. This new translational model can be used to develop new drug targets and treatments for SWS.",Journal of vascular anomalies,2024.0
261,42376533,Aggressive basal cell carcinoma in a non-facial location in a cat: Perineural and lymphatic invasion with metastasis.,"Basal cell carcinomas (BCCs) in cats are generally regarded as benign skin tumors with low metastatic potential. However, rare cases of aggressive behavior and metastasis, primarily in the context of facial lesions, have been reported. A 12-year-old neutered male Scottish Fold cat presented with a chronic, non-healing ulcer on the left hock. The initial excision lacked a histopathological diagnosis, and the lesion recurred. Biopsy of the lesion confirmed basal cell carcinoma. Despite limb amputation with clear margins and no regional lymph node involvement, distant cutaneous nodules appeared 6 months later and were histologically confirmed as metastatic BCC with lymphatic and perineural invasion. Wide-margin resections and systemic chemotherapy with carboplatin were performed; however, further lesions developed, and the cat succumbed to progressive disease. This case highlights a rare and aggressive variant of feline BCC arising outside the head and neck region. The lesion demonstrated metastatic spread, perineural and lymphatic invasion, and a poor response to treatment. Early histopathological evaluation of chronic skin ulcers is essential, and recognition of aggressive subtypes may facilitate more effective clinical management.",Open veterinary journal,2025.0
233,42422171,Menaquinone-7 alleviates mitochondrial dysfunction and senescence in senile osteoporosis by targeting the PINK1-mediated mitophagy via PXR/ERK/CREB signaling pathway.,"Current therapeutic strategies for senile osteoporosis inadequately address its low-turnover pathology driven by mitochondrial dysfunction and cellular senescence. This study identifies menaquinone-7 (MK-7), a vitamin K<sub>2</sub> isoform, as a novel therapeutic agent targeting mitochondrial homeostasis in senile osteoporosis. Through RNA sequencing analysis and intramedullary adeno-associated virus (AAV)-based gene manipulation in aged mice, cellular communication network factor 2 (Ccn2) was identified as a critical mediator of MK-7's bone-protective effects. Biochemical and proteomic assays revealed that MK-7 binds to the nuclear receptor pregnane X receptor (PXR), activating the extracellular signal-regulated kinases 1/2 (ERK1/2)/cyclic AMP-responsive element-binding protein (CREB) signaling cascade to upregulate Ccn2 in senescent bone marrow mesenchymal stem cells (BMSCs). This pathway enhanced PTEN-induced kinase 1 (PINK1)/Parkin-mediated mitophagy, reducing mitochondrial DNA damage, reactive oxygen species (mtROS), and senescence-associated secretory phenotype (SASP), while restoring metabolic function. MK-7 redirected BMSC differentiation from adipogenic to osteogenic lineages, effectively mitigating age-related bone loss <i>in vivo</i>. Mechanistically, MK-7 stabilized PXR via direct interaction at the F285 residue, as confirmed by drug affinity responsive target stability (DARTS), cellular thermal shift assay (CETSA), and molecular docking. PXR activation further promoted ERK1/2/CREB-dependent Ccn2 expression, which orchestrated mitochondrial quality control and cellular energy metabolism. Our findings establish MK-7 as a dual-function agent that concurrently alleviates senescence and metabolic imbalance in bone tissue, offering a safe and targeted strategy for senile osteoporosis. This study provides critical insights into the pharmacological modulation of mitochondrial pathways and highlights MK-7's translational potential in geriatric bone health.",Journal of pharmaceutical analysis,2026.0
77,42206121,Deciphering the Nanometabolomics Paradigm: Understanding the Role of Pathophysiology and Biomarkers in Predicting Oral Cancer.,"Oral cancer represents a significant global health burden, with its incidence steadily increasing over recent years. Despite advancements in treatment modalities, early diagnosis and effective therapeutic strategies remain elusive, necessitating innovative approaches. Metabolomics, a powerful analytical technique, offers insights into the metabolic alterations associated with oral cancer progression. By profiling metabolites, it enables the identification of biomarkers indicative of disease onset, progression, and response to treatment. Nanotechnology emerges as a promising ally in overcoming these limitations. Nanomaterials possess unique physicochemical properties that can be harnessed for targeted drug delivery, imaging, and sensing. In this context, our aim is to summarize implication of nanotechnology-integrated metabolomics as facilitators for the development of novel diagnostic platforms and therapeutics with enhanced specificity and efficacy. To address this, our objectives are segregated wherein the metabolomics profiling of biomarkers was investigated contributing to the diagnosis and prognosis of oral cancers. The implication of nanotechnology insights targeted molecular imaging, biomarker analysis and nano-omics technological adavancements assisting early prognosis of oral cancer. In summary, comprehensive literature review of exploring the metabolomic profiling coupled with nanomaterial-based intervention enables early detection of oral cancer with unprecedented sensitivity and specificity. This review comprehensively discusses recent advancements in metabolomic profiling and nanotechnology-based approaches for oral cancer diagnosis and treatment. Advanced technology and biological instruments present excellent prospects for metabolic profiling, enabling the identification of biomarkers for early identification, prognosis, and consequently planned and comprehensive therapy that would be most advantageous for the patients. Amalgamating the skills of physicians, researchers, and bioinformatics will undoubtedly aid in overcoming obstacles and enable patients with oral cancer to fully benefit from metabolism when receiving precision oncology treatment.",Journal of maxillofacial and oral surgery,2026.0
9,42212236,Identifying Relevant Covariates in RNA-seq Analysis by Pseudo-Variable Augmentation.,"RNA-sequencing (RNA-seq) technology allows for the identification of differentially expressed genes, which are genes whose mean transcript abundance levels vary across conditions. In practice, RNA-seq datasets often include covariates that are of primary interest in addition to a set of covariates that are subject to selection. Some of these covariates may be relevant to gene expression levels, while others may be irrelevant. Ignoring relevant covariates or attempting to adjust for the effect of irrelevant covariates can compromise the identification of differentially expressed genes. To address this issue, we propose a variable selection method that uses pseudo-variables to control the expected proportion of selected covariates that are irrelevant. Our method accurately selects relevant covariates while keeping the false selection rate below a specified level. We demonstrate that our method outperforms existing methods for detecting differentially expressed genes when working with available covariates. Our method is implemented in FSRAnalysisBS function of the R package csrnaseq, which is available at www.github.com/ntyet/csrnaseq. The analysis and simulation are available at www.github.com/ntyet/csrnaseq/tree/main/analysis. The online version contains supplementary material available at 10.1007/s13253-024-00665-3.","Journal of agricultural, biological, and environmental statistics",2026.0
251,41059450,Homozygous PGAP2 Mutation Causes Hyperphosphatasia with Mental Retardation Syndrome-3: Genetic and Clinical Evaluation of the Ultra-Rare Inherited Glycosylphosphatidylinositol Biosynthesis Defect.,"Inherited glycosylphosphatidylinositol biosynthesis defect is considered a subset of the congenital glycosylation disorder that results from mutations in the genes encoding proteins participating in glycosylphosphatidylinositol biosynthesis and modification. Glycosylphosphatidylinositol anchor proteins play important roles in numerous cellular processes including neurogenesis, cell adhesion, immune response, and signaling. Hyperphosphatasia with mental retardation syndrome-3 is one of the glycosylphosphatidylinositol anchor defects, characterized by moderate to severe intellectual disability, dysmorphic features, hypotonia, seizures, and persistent hyperphosphatasia. The aims of this study were to investigate the clinical implications of the <i>PGAP2</i> gene and identify the severe phenotype. A male patient with dysmorphic features, neurodevelopmental delay, seizures, hearing loss, Hirschsprung disease, central fever, and elevated alkaline phosphatase was included in the study. The magnetic resonance imaging showed cerebral atrophy and corpus callosum hypoplasia. The whole-exome sequencing analysis of the individual and Sanger sequencing were performed for segregation. Additionally, next-generation sequencing, whole transcriptome sequencing, and homology modeling and analysis were performed. Whole-exome sequencing revealed a homozygous c.651C>G (p.His217Gln) in the <i>PGAP2</i> gene. The Sanger sequencing confirmed the parents were heterozygous. There is no splicing variant detected by whole transcriptome sequencing. The AlphaFold model was interpreted hypothetically. It observed the substitution of histidine, with glutamine, and may affect the stability of protein. Homozygous PGAP2 mutations in the patient we reported in our study resulted in a severe clinical picture including severe developmental delay and intellectual disability, severe epilepsy, dysmorphic features, central fever, biochemical, hormonal, and immunological abnormalities. This patient would be the youngest case published in the literature. We showed that the instability of mutant PGAP2 protein that causes hyperphosphatasia with mental retardation syndrome-3 leads to more severe phenotypes.",Molecular syndromology,2025.0
264,42239639,Chinese Urban Wastewater Surveillance System for Early Warning of Infectious Diseases: Implementation and Efficacy - January 2023-June 2025.,"Wastewater surveillance has emerged as a powerful tool for public health monitoring, particularly during disease outbreaks. This report documents China's pioneering establishment of the first nationwide comprehensive wastewater surveillance system with multi-scenario applications during the coronavirus disease 2019 (COVID-19) pandemic (January 2023-June 2025). The system integrated three components: national urban wastewater surveillance, inbound international aircraft wastewater surveillance, and pilot public health risk surveillance. This integrated framework demonstrated significant effectiveness in providing early warnings for COVID-19, polio, monkeypox, and other infectious disease outbreaks, while advancing variant tracking capabilities. These findings underscore the critical role of wastewater surveillance in augmenting existing public health infrastructure and improving outbreak detection capabilities. Implementing standardized protocols and developing collaborative networks will strengthen pandemic preparedness and enhance global public health resilience.",China CDC weekly,2025.0
223,40860264,Molecular docking and MD simulation approach to identify potential phytochemical lead molecule against triple negative breast cancer.,"Triple-negative breast cancers (TNBC) are defined as tumors that lack the expression of the estrogen receptor (ER), progesterone receptor (PR), and human epidermal growth factor receptor 2 (HER2). It exhibits unique clinical and pathological features, demonstrates high aggressiveness, and has a relatively poor prognosis and clinical outcome. To identify a novel drug target protein against TNBC and potential phytochemical lead molecules against the identified target. In this study, we retrieved TNBC samples from NGS and microarray datasets in the Gene Expression Omnibus database. We employed a combination of differential gene expression studies, protein-protein interaction analysis, and network topology investigation to identify the target protein. Additionally, the molecular docking and molecular dynamics (MD) simulation studies followed by Molecular Mechanics with Generalised Born Surface Area salvation was used to identify potential lead molecule. The upregulated genes with LogFC > 1.25 and P-value < 0.05 from the TNBC gene expression dataset were identified. Androgen receptor (AR) was found to be an appropriate hub target in the protein-protein interaction network. Phytochemicals that inhibit breast cancer target were retrieved from the PubChem database and virtual screening was performed using PyRx against the AR protein. Thereby, the AR was found to be the target protein and 2-hydroxynaringenin was discovered to be a possible phytochemical lead molecule for combating TNBC. Moreover, the AR and the 2-hydroxynaringenin complex showed structural stability and higher binding affinity through molecular dynamics and MM-GBSA studies. AR was identified as a hub protein that is highly expressed in breast cancer and 2-hydroxynaringenin efficacy of counter TNBC requires further investigation both in vitro and in vivo.",F1000Research,2024.0
268,42148001,Townes-Brocks Syndrome With Consistent Renal Hypodysplasia and Variable Extrarenal Features Across Three Generations of Serbian Family.,"Townes-Brocks syndrome (TBS) is a rare autosomal dominant disorder caused by pathogenic variants in <i>SALL1</i>, classically defined by dysplastic ears, anorectal malformations, and thumb anomalies. Renal involvement is a major determinant of prognosis. We report a Serbian family with multiple members with TBS and molecular confirmation of a SALL1 familial nonsense variant (c.1509C>A, p. Tyr503Ter). Detailed phenotypic data were obtained from paediatric and adult medical records. Seven affected patients across three generations exhibited a remarkably consistent renal phenotype characterized by bilateral renal Hypodysplasia and chronic kidney disease (CKD), contrasted by variable extrarenal features. The proband developed CKD progressing to end-stage renal disease (ESRD) in adolescence, requiring kidney transplantation. Her first male cousin (patient 2) presented with anal atresia, dysplastic ears, hypospadias, and congenital hypothyroidism, and currently has stable CKD stage II. Mother of patient 2 has CKD stage III with small hyperechogenic kidneys and proteinuria. The affected grandfather has ESRD and sensorineural hearing loss. Notably, none of the affected individuals fulfilled the complete classical triad of TBS. This family demonstrates intrafamilial phenotypic variability of TBS but with strikingly consistent renal involvement linked to a familial <i>SALL1</i> variant. TBS should be considered in patients with congenital anomalies of the kidney and Urinary tract (CAKUT) even in the absence of typical limb or anorectal anomalies. Early molecular diagnosis enables appropriate surveillance and timely management of progressive kidney disease.",Balkan journal of medical genetics : BJMG,2025.0
250,41230208,Novel PIBF1 Pathogenic Variant in Three Siblings with Joubert Syndrome Type 33.,"Joubert syndrome type 33 (JBTS33) is a rare autosomal recessive disorder characterized by developmental delay, severe renal disease, hypotonia/ataxia, cerebellar vermian hypoplasia/aplasia, optic nerve atrophy, renal atrophy, and the ""molar tooth sign"" on imaging. Nearly 40 genes associated with Joubert syndrome have been identified, including CEP290, TMEM216, TMEM67, AHI1, and CC2D2A. We report a consanguineous family with JBTS33 diagnosed through whole-exome sequencing. A novel biallelic homozygous nonsense mutation (ENST00000326291.11: c.1231C>T; p.Arg411Ter) in progesterone-induced blocking factor 1 (PIBF1) was identified. Our study included 3 patients with the same homozygous mutation in <i>PIBF1,</i> which contributed to clinical features such as psychomotor issues, dysmorphic features, hypotonia/ataxia, kidney failure, and possibly seizures. All 3 patient seizures have been eliminated after phenobarbital administration. This mutation has not been reported in public databases. This study confirmed <i>PIBF1</i> as a disease-causing gene for JBTS33, expanding the molecular and clinical spectrum of JBTS. Our findings underscore the importance of identifying the genetic underpinnings and phenotypic expansions of <i>PIBF1</i> mutations. Enhanced diagnostic awareness can facilitate early intervention and management. Further research is required to elucidate the relationship between <i>PIBF1</i> mutations and associated clinical manifestations.",Molecular syndromology,2025.0
213,42632907,Exploiting Multicomponent Reactions to Drive the Development of Novel Antitubercular Agents: An Overview.,"Tuberculosis (TB) remains a global epidemic, and Mycobacterium tuberculosis (Mtb), its etiological agent, continues to be the deadliest single infectious agent worldwide. Our inability to eradicate TB is strongly related to Mtb's ability to alternate between an active and latent disease state, and a lack of pharmacological agents that effectively target the heterogeneity of TB, which leads downstream to the emergence of drug resistance. The ongoing quest to discover novel effective chemical agents to improve anti-TB regimens remains a significant challenge. Multicomponent reactions (MCRs) have been shown to generate highly diverse chemical libraries in a time- and cost-efficient, sustainable manner, and thus have emerged as powerful tools to accelerate drug discovery and development. This review provides an overview of the chemical libraries of anti-TB agents developed by MCRs, highlighting the contributions of MCRs to advance anti-TB drug discovery through a medicinal chemistry approach.",ChemMedChem,2026.0
226,40662146,"Insights into the structure, function, and impact of <i>Candida albicans UPC2</i> gene on azole resistance; a mini-review.","Candidiasis is a prevalent fungal infection caused by various species of <i>Candida</i>, especially, <i>C. albicans</i>. The emergence of resistance to azole medications, which are frequently prescribed for the treatment of <i>Candida</i> infections, presents a significant challenge in the management of these infections. The present mini-review summarizes findings from a comprehensive search of articles published between 1999 and 2024, retrieved from Scopus, PubMed, and Web of Science. Studies were selected using specific keywords based on relevance to <i>UPC2</i> gene functions, azole resistance mechanisms, and <i>C. albicans</i> biology. The <i>UPC2</i> gene has become crucial in regulating drug resistance in <i>C. albicans</i>. This gene encodes a zinc (II)-Cys (6) transcription factor involved in the biosynthesis of sterols and contributes to resistance against azole antifungal drugs. When exposed to azoles, <i>UPC2</i> in <i>C. albicans</i> enhances the expression of ergosterol biosynthesis genes, such as <i>ERG2</i> and <i>ERG11</i>. Increased expression of <i>ERG11</i> leads to reduced susceptibility to azoles by boosting the production of 14α-lanosterol demethylase, the primary target of these antifungal agents. Furthermore, <i>UPC2</i> regulates sterol uptake under anaerobic conditions and manages other adaptations to environmental changes, all of which contribute to azole resistance. Gaining insight into how the <i>UPC2</i> gene contributes to azole resistance is essential for the development of effective strategies in the antifungal drug development process.",Current medical mycology,2024.0
45,42582296,"Longer healthy life, but for how many? A stochastic analysis of healthy lifespan inequality.","Over the past 150 years, life expectancy doubled and healthy life expectancy increased. Expectations reveal nothing about variability, so we present a stochastic analysis to investigate changes over time, age and gender of variation, among individuals, in healthy lifespan, for different levels of country income. To complement health-adjusted life expectancy (HALE) data from the Global Burden of Disease Study, we use a stochastic model to compute the standard deviation of healthy life (SDHL). The model is a finite-state absorbing Markov chain with rewards. It includes stochastic survival, mortality, and loss of good health status. An individual surviving from one age to the next gains, as a ""reward,"" a year of good health. This method provides all the moments of healthy longevity. The mean healthy longevity is exactly the HALE. As a measure of variation, here we focus on the standard deviation of healthy longevity. From 1990 to 2019, HALE increased, with greater increases at younger ages. At the same time, SDHL at younger ages decreased and at older ages increased. The most significant changes at birth occurred in low- and lower-middle-income countries. High- and upper-middle-income countries saw notable increases at old ages. Women generally have longer HALE and higher SDHL, but the overall HALE increase was greater for men. The reduction in SDHL over time suggests that more individuals benefit from increased longevity, particularly in low-income countries closing the gap with high-income countries. However, improvements in healthy survival at older ages appear unevenly distributed among individuals in high-income countries.",Annals of operations research,2026.0
42,42633377,Risk factor assessment and molecular characterization of foot-and-mouth disease virus in buffaloes in Bangladesh.,"Foot-and-mouth disease (FMD) is a major infectious disease of cloven-hoofed animals that causes substantial economic losses. FMD in buffaloes was neglected in the surveillance program, therefore, this study aimed to identify and characterize the FMD virus (FMDV) and determine its associated risk factors in buffaloes in Bangladesh. A total of 150 tissue samples were purposively collected from 16 FMD-suspected buffalo farms, representing a study population of 501 buffaloes across three areas of Bangladesh. The samples were analyzed for FMDV and further tested for the serotypes (O, A, Asia 1) by RT-PCR test. The VP1 gene was sequenced and phylogenetic trees were studied. Epidemiological data were collected through a structured questionnaire. Logistic regression models were used to identify outbreak-associated risk factors. Overall, 29.94% (150/501) FMD prevalence and three serotypes, include O (n = 19), A (n = 7), and Asia 1(n = 4), were identified by RT-PCR. The case fatality, attack, and mortality rates of buffalo calves were 32.91%, 63.2%, and 20.8%, respectively. Potential risk factors identified for FMD in buffaloes including age (calves; AOR:14.07, 95%CI:6.37-31.07), grazing with cattle (yes; AOR:19.09, 95%CI:4.49-81.18), deworming practices (No, AOR:8.71, 95%CI:2.20-34.51), isolation shed (No; AOR:5.82, 95%CI:1.41-23.95), and grazing area (bush; AOR:20.78, 95%CI:5.07-85.12). Phylogenetic analysis of serotype O revealed a 95% sequence similarity with recent isolates from Bhutan and Nepal, while serotype A exhibited a 99% similarity with isolates from India and Bangladesh. Therefore, implementing appropriate control strategies is essential for reducing risk factors and minimizes the occurrence and spread of FMD.",Veterinary and animal science,2026.0
146,42633083,Next-Generation Sequencing (NGS) Utility in Advanced Solid Tumors in Low- and Middle-Income Country (LMIC) Setting.,"Introduction Advancements in DNA sequencing have revolutionized our understanding of cancer biology, enabling comprehensive analysis of genetic alterations driving tumorigenesis. Next-generation sequencing (NGS) is increasingly integrated into oncology practice to identify actionable mutations and personalize therapy. However, its clinical utility in low- and middle-income countries (LMICs), where access to sequencing technologies and targeted treatments remains limited, is not well established. Methods This was a retrospective, single-center cohort study involving adult patients with advanced metastatic solid tumors who underwent NGS testing using either tumor tissue or liquid biopsy (Illumina platform, 560-gene panel, 1000X coverage). The primary endpoint was to evaluate the proportion of patients who received NGS-guided targeted therapy. The secondary endpoint was progression-free survival (PFS) in patients treated based on NGS findings. Data analysis was performed using Microsoft Excel 2016 (Microsoft Corp., Redmond, WA, USA). Results Over an 18-month period (January 2021 to June 2022), 93 patients were included. Genomic alterations were detected in 45% (n=42) of patients. Among these, 33% (n=31) had a potentially actionable mutation with an available targeted therapy or clinical trial option. Despite this, only 19% (n=18) received NGS-directed treatment. Of these, 44% (n=8) achieved a PFS of six months or more. Conclusion NGS can identify clinically relevant mutations in a significant proportion of advanced cancer patients in LMIC settings. However, real-world application is hindered by limited access to targeted therapies and clinical trials. Strategies to improve access and infrastructure are essential to realize the full potential of precision oncology in these regions.",Cureus,2026.0
33,42633466,A single-stranded DNA virus replicates in the mitochondria of a marine oomycete.,"A virus with a circular single-stranded DNA genome, HthCRESSV1, was discovered in an oomycete, <i>Halophytophthora thermoambigua</i>, isolated from brackish waters off the Algarve coast in southern Portugal. Phylogenetic analyses place this virus outside of all currently classified families within the phylum <i>Cressdnaviricota</i>, suggesting it represents a distinct lineage. Cellular fractionation, mitochondrial marker co-enrichment, and Southern blot analyses indicate that HthCRESSV1 is associated with mitochondria and replicates episomally. The virus is stably transmitted through zoospores and is associated with a reduced host mycelial growth. Homologous sequences corresponding to both the replication-associated protein and a membrane-associated hypothetical protein were identified in the mitochondrial genomes of several oomycete species, suggesting recurrent endogenization of HthCRESSV1-like viruses in oomycete mitochondria. Together, these findings expand the known diversity of oomycete-associated DNA viruses, identify mitochondria as an unexpected niche for DNA virus replication, and highlight marine environments as underexplored reservoirs of DNA viruses in stramenopiles.",Virus evolution,2026.0
244,42630505,Stage-Specific Regulation of Ubiquitination Modifications and Prospects for Targeted Therapy in Triple-Negative Breast Cancer.,"Triple-negative breast cancer (TNBC) is an aggressive subtype of breast cancer characterized by poor clinical outcomes. Owing to the absence of estrogen receptors, progesterone receptors, and Human Epidermal Growth Factor Receptor 2 (HER2) expression, TNBC shows limited responsiveness to conventional endocrine and targeted therapies. This subtype exhibits strong heterogeneity, a high propensity for metastasis, and a tendency to develop acquired drug resistance. Its survival and progression largely rely on non-classical signaling pathways, including Epidermal growth factor receptor (EGFR), Phosphoinositide 3-kinase/Protein Kinase B (PI3K/AKT), and Notch, which collectively impose substantial challenges to clinical management. In recent years, protein post-translational modifications-particularly ubiquitination and ubiquitin-like modifications-have emerged as key mechanisms governing TNBC malignant progression. This review systematically summarizes the stage-specific regulatory roles of ubiquitination during TNBC initiation, progression, and therapeutic resistance. These mechanisms include modulation of tumor stemness, epithelial-mesenchymal transition, DNA damage repair, ferroptosis, and immune evasion through the regulation of critical proteins such as Toll-like receptor 4/Nuclear factor kappa-B (TLR4/NF-κB), Twist family bHLH transcription factor 1 (TWIST1), Poly (ADP-Ribose) Polymerase 1 (PARP1), Programmed death-ligand 1 (PD-L1), and Glutathione Peroxidase 4 (GPX4). In addition, ubiquitin-like modifications (including small ubiquitin-like modifier (SUMOylation), Neural precursor cell expressed developmentally downregulated protein 8 (NEDDylation), and Interferon-stimulated gene (ISGylation)) function synergistically in maintaining genome stability, transcriptional regulation, and immunological processes. Furthermore, this review highlights the translational potential of targeting ubiquitination pathways in TNBC, covering the applications, advantages, and limitations of immune checkpoint inhibitors, Poly ADP-ribose polymerase (PARP) inhibitors, antibody-drug conjugates, and combination treatment strategies. Finally, it outlines future research directions, such as developing a TNBC-specific ubiquitinome landscape, creating highly selective E3 ligase or deubiquitinase inhibitors, and integrating multi-omics with artificial intelligence technologies. These advances are expected to provide a theoretical foundation and translational insights for precision interventions targeting protein homeostasis in TNBC.",Oncology research,2026.0
46,42500343,Assessment of Oxidative Stress Levels in Women with Different Phenotypes of Polycystic Ovary Syndrome and its Correlation with Lipid and Hormonal Profile.,"Polycystic ovary syndrome (PCOS) is an endocrine-metabolic disorder and one of the leading causes of infertility in women. The hallmarks of PCOS include polycystic ovaries, hyperandrogenism, and anovulation. Oxidative stress (OS) is blamed to be an intriguing factor in developing metabolic syndromes. The present study recruited 141 PCOS cases, and 137 control women to determine serum OS levels and their correlation with lipid and hormonal profile. Student's t-test, chi-square, Pearson correlation, multiple comparison analysis, and receiver operating characteristic (ROC) curve were used to calculate the significance of the study. PCOS women had significantly increased levels of triglycerides, VLDL, total testosterone, LH, MDA, TOS, and OSI (<i>p</i> < 0.05). Levels of TAC were significantly lower in cases and showed a negative correlation with lipid profile, WHR, and total testosterone, while LH had a positive correlation. A positive correlation of MDA, TOS, and OSI levels was observed with BMI, WHR, hyperandrogenism, and lipid profile. Among all 4 phenotypes of PCOS, phenotype C had the lowest OS, followed by phenotype D and then phenotypes A and B. The ROC curve demonstrated that MDA had statistically significant diagnostic efficiency with the cut-off value of 2.9 umol/L (<i>p</i> < 0.05). The present study concluded that PCOS women with ovulatory dysfunction had more OS, indicating the role of OS in anovulation. Hyperandrogenism, obesity, and dyslipidemia were significantly correlated with increased OS and reduced antioxidant levels, revealing the relationship between clinical features of PCOS and OS.",Indian journal of clinical biochemistry : IJCB,2026.0
247,42630256,"Anticonvulsant effects, safety, and sex-dependent molecular signatures of cannabidiol treatment in a preclinical model of audiogenic epilepsy.","Roughly one-third of patients with epilepsy remain drug resistant, underscoring the need for novel therapeutic strategies. Although cannabidiol (CBD) has recently been approved for specific epileptic encephalopathies, its anticonvulsant mechanisms and the influence of biological sex on treatment response remain incompletely understood. In this preclinical study, we evaluated the efficacy, tolerability, pharmacokinetics, and molecular effects of CBD in the GASH/Sal hamster, a genetic model of audiogenic generalized tonic-clonic seizures. Animals received intraperitoneal CBD (200 mg/kg) either acutely or chronically for 14 days. CBD concentrations were measured in serum and brain, while seizure severity, latency, and neuroethological parameters were assessed following acoustic seizure induction. Safety was evaluated through body weight, hematological, and biochemical analyses, and gene expression profiling was performed in the inferior colliculus, the primary epileptogenic focus. CBD achieved measurable systemic and brain exposure after both acute and chronic administration, despite substantial inter-individual variability and no significant sex differences in drug concentrations. CBD reduced audiogenic seizure severity in a time-dependent manner, with greater protection after chronic treatment. CBD also prolonged latency to seizure onset in both sexes (earlier in females). Although complete seizure suppression was more frequent in females than males (37.5% vs. 12.5% after chronic treatment), direct sex comparisons did not reach statistical significance. Notably, higher serum and brain CBD concentrations were associated with lower seizure severity. Chronic CBD administration was well tolerated in both sexes, affecting selected hematological parameters without altering body weight or liver function. Gene expression profiling revealed that transcriptional organization of the inferior colliculus was driven predominantly by biological sex rather than by seizure induction or CBD treatment. Marked sex-dependent differences were observed in serotonergic, endocannabinoid, purinergic, and Sigmar1-related neuroprotective pathways. Within this molecular context, seizure stimulation modulated <i>Trpv1</i> and <i>Slc29a1</i>, whereas chronic CBD induced pathway-specific, sex-dependent changes involving <i>5-Htr1a</i>, <i>Adora1</i>, and <i>Cnr1</i>, without eliciting widespread transcriptional remodeling. Collectively, these findings identify CBD as a well-tolerated anticonvulsant in the GASH/Sal model and suggest that pharmacokinetic exposure and the sex-specific molecular organization of the epileptogenic focus contribute to variability in treatment response, highlighting the importance of considering biological sex in cannabinoid-based epilepsy research.",Frontiers in pharmacology,2026.0
108,42633403,"Systems-level analysis of 1,6-hexanediol stress response and tolerance engineering in <i>Escherichia coli</i>.","1,6-Hexanediol (1,6-HDO) is an important chemical platform widely used in polymer and pharmaceutical industries, while its toxicity remains a major bottleneck limiting efficient microbial production. This study demonstrates that 1,6-HDO exhibited strong inhibitory effects on <i>Escherichia coli</i>, reducing the maximum OD<sub>600</sub> to approximately 50% of the control level under 10 g/L stress. Transcriptomic analysis was performed under 1,6-HDO stress, identifying 779 differentially expressed genes enriched in pathways related to energy metabolism, sulfur metabolism and amino acid metabolism. To systematically identify functional targets associated with tolerance, genome-wide screening using the ASKA overexpression library identified 93 tolerance-related genes that improved <i>E. coli</i> growth under 1,6-HDO stress by 0.06- to 3.17-fold. Notably, multiple targets were functionally associated with energy and amino acid metabolism, consistent with the transcriptomic analysis. Furthermore, co-expression of <i>rumA</i> and <i>yhbO</i> showed the greatest improvement in growth, reaching a biomass of 9.43 under 1,6-HDO stress, which was 2.61-fold higher than that of the control strain. Collectively, this study systematically elucidates the global stress response and identifies key determinants contributing to tolerance, providing valuable targets for developing robust microbial cell factories for efficient 1,6-HDO bioproduction.",Synthetic and systems biotechnology,2027.0
220,40949928,<i>MedGraphNet</i>: Leveraging Multi-Relational Graph Neural Networks and Text Knowledge for Biomedical Predictions.,"Genetic, molecular, and environmental factors influence diseases through complex interactions with genes, phenotypes, and drugs. Current methods often fail to integrate diverse multi-relational biological data meaningfully, limiting the discovery of novel risk genes and drugs. To address this, we present <i>MedGraphNet</i>, a multi-relational Graph Neural Network (GNN) model designed to infer relationships among drugs, genes, diseases, and phenotypes. <i>MedGraphNet</i> initializes nodes using informative embeddings from existing text knowledge, allowing for robust integration of various data types and improved generalizability. Our results demonstrate that <i>MedGraphNet</i> matches and often outperforms traditional single-relation approaches, particularly in scenarios with isolated or sparsely connected nodes. The model shows generalizability to external datasets, achieving high accuracy in identifying disease-gene associations and drug-phenotype relationships. Notably, <i>MedGraphNet</i> accurately inferred drug side effects without direct training on such data. Using Alzheimer's disease as a case study, <i>MedGraphNet</i> successfully identified relevant phenotypes, genes, and drugs, corroborated by existing literature. These findings demonstrate the potential of integrating multi-relational data with text knowledge to enhance biomedical predictions and drug repurposing for diseases. <i>MedGraphNet</i> code is available at https://github.com/vinash85/MedGraphNet.",Proceedings of machine learning research,2024.0
279,42631261,A Novel Homozygous <i>ATP7B</i> Splice-Site Variant Causes Late-Onset Hepatic Wilson Disease.,"Wilson disease (WD) is a rare disorder that may be missed because of atypical presentations. We present a 47-year-old asymptomatic man who was incidentally discovered to have hepatic steatosis and cirrhosis without features of the metabolic syndrome and with normal physical examination and liver function tests. Very low ceruloplasmin and high urine copper prompted evaluation for WD. He had no Kayser-Fleischer rings. Genetic testing revealed a novel homozygous splice-site <i>ATP7B</i> variant (NM_000053.2:c.1707+2dupT p.(?)), the first reported case of homozygosity for this mutation. This case highlights the importance of considering WD in patients with unexplained hepatic steatosis and cryptogenic cirrhosis.",ACG case reports journal,2026.0
216,42632595,Disease-Modifying Antirheumatic Drugs for Hand Osteoarthritis: A Systematic Review and Network Meta-analysis.,"To compare the symptomatic efficacy, safety, and exploratory structural evidence of disease-modifying antirheumatic drug therapies in patients with hand osteoarthritis, with particular attention to inflammatory and erosive phenotypes. We searched PubMed, Web of Science, Embase, the Cochrane Library, ClinicalTrials.gov, and the Chinese Clinical Trial Registry from inception to 12 March 2026 for randomized controlled trials evaluating disease-modifying antirheumatic drug therapies in hand osteoarthritis. Eligible trials included patients with general, inflammatory, erosive, or thumb-base hand osteoarthritis, while studies involving rheumatoid arthritis or other inflammatory arthritides were excluded. Interventions were classified as conventional synthetic or biologic disease-modifying antirheumatic drugs. Pain intensity and hand function were considered primary clinical outcomes. Inflammatory symptom-related outcomes, including swollen and painful joint counts and stiffness, were analysed separately. Treatment-emergent adverse events and serious adverse events were primary safety outcomes, while imaging and biomarker outcomes were treated as exploratory evidence related to potential structural disease modification. A frequentist network meta-analysis was performed. Continuous outcomes were summarized as standardized mean differences and dichotomous outcomes as odds ratios, both with 95% confidence intervals. Twelve randomized controlled trials involving 1317 participants and seven active disease-modifying antirheumatic drug therapies were included. Methotrexate and hydroxychloroquine were classified as conventional synthetic disease-modifying antirheumatic drugs, whereas adalimumab, etanercept, tocilizumab, lutikizumab, and otilimab were classified as biologic disease-modifying antirheumatic drugs. No eligible trial of a targeted synthetic disease-modifying antirheumatic drug was identified. For pain intensity outcomes, etanercept and tocilizumab were associated with lower long-term visual analogue scale pain than placebo, whereas no intervention showed consistent improvement in hand function. For inflammatory symptom-related outcomes, tocilizumab showed a short-term reduction in painful and swollen joint counts, and adalimumab reduced swollen joint counts in some analyses. However, these findings were outcome-specific, time-dependent, and largely based on sparse, placebo-centred networks. No clear differences were detected in overall treatment-emergent adverse events or serious adverse events, but safety evidence was limited by small sample sizes, short exposure durations, and inconsistent adverse-event reporting. Imaging and biomarker outcomes were heterogeneous and insufficient for quantitative synthesis across most endpoints. Current randomized evidence does not support the routine use of disease-modifying antirheumatic drugs for hand osteoarthritis. Selected biologic agents showed limited symptomatic signals, particularly in pain or inflammatory joint outcomes, but these findings should not be interpreted as evidence of disease modification. Structural and biomarker evidence remains exploratory and insufficient. Future trials should focus on phenotype-enriched hand osteoarthritis populations and use standardized clinical, imaging, biomarker, and safety outcomes. Level I, therapeutic studies. PROSPERO CRD420261353132.",Hand surgery & rehabilitation,2026.0
147,42633081,Multiomic Investigation of Shared Genetic Pathways in Paediatric Congenital Heart Disease and Neurodevelopmental Disorders.,"Recent medical advances have significantly improved the life expectancy of individuals with congenital heart disease (CHD); however, these children remain at increased risk of co-occurring neurodevelopmental disorders (NDD), such as attention-deficit/hyperactivity disorder and autism spectrum disorder. Although prenatal environmental factors, including placental dysfunction and altered oxygen levels in utero, as well as postnatal events such as cardiac surgery, may contribute to this increased risk, shared genetic factors may also underlie both conditions. Therefore, this study is aimed at investigating genomic, transcriptomic and epigenomic findings in patients with NDD and/or CHD using an integrative multiomic approach. A cohort of 14 trios and one duo was recruited: Two probands had both NDD and CHD, two had CHD only and 11 had NDD only. Blood samples were analysed using whole-genome sequencing, RNA sequencing and DNA methylation profiling. We identified one large deletion (~2.5 Mb) and seven likely pathogenic/pathogenic (LP/P) variants, including two in autosomal dominant genes relevant to the patients' phenotypes and five in autosomal recessive genes consistent with carrier status. This included a likely pathogenic de novo splice-disrupting variant in the chromatin remodelling gene <i>ARID1B</i>, validated by RNA sequencing. DNA methylation analysis revealed epigenetic differences between CHD and NDD patients, with CHD patients showing elevated biological age acceleration. Comparison with a reference cohort of 178 controls identified four probands with extreme methylation dysregulation, including the individual with the <i>ARID1B</i> variant. Overall, these findings highlight the diagnostic and mechanistic value of integrative multiomic profiling in paediatric developmental disease cohorts.",Human mutation,2026.0
154,41451023,Exploring acenocoumarol and silodosin in non-small cell lung cancer: Insights into EGFR-linked signaling mechanisms.,"Non-small-cell lung cancer (NSCLC) is a highly morbid disease. Chemotherapy for NSCLC lacks specificity and efficacy mainly because of drug resistance. The current study aimed to explore computational tools to target allosteric epidermal growth factor receptor (EGFR) sites and screen for the top molecules <i>in vitro</i> and <i>in vivo</i> xenograft models. Molecular docking, virtual screening, and molecular dynamic studies revealed that acenocoumarol and silodosin are the top two allosteric EGFR inhibitors. They were further tested for cytotoxicity, apoptosis, cell cycle, and gene expression by qPCR, western blotting, A549 cell xenograft anti-proliferative activity, and tumor regression efficacy analysis. Acenocoumarol and silodosin exhibited cytotoxicity in A549 and IMR-90 cells at concentrations below 50 and 80 μM, respectively. Acenocoumarol and silodosin induced S-phase and G2/M-phase arrest in A549 cells in the cell cycle analysis. Both drugs showed early apoptosis at their IC <sub>50</sub> doses (acenocoumarol 50 μM and silodosin 25 μM). KRAS (Kirsten rat sarcoma viral oncogene homolog) and ERK2 (extracellular signal-regulated kinase 2) gene regulation in A549 cells was confirmed using qPCR. KRAS and ERK2 activities were quantified by western blot analysis. In the xenograft study, tumor size, body weight, and organ weight were significantly attenuated by the test drugs compared with the standard cisplatin. Immunoblotting and western blot results of the A549-xenograft tissue indicated downregulation of KRAS and ERK2. Furthermore, the test drugs have upregulated caspase-3 gene expression. The drugs acenocoumarol and silodosin downregulate KRAS and ERK2 in both A549 cell lines and Xenograft model. KRAS and ERK2 are components of EGFR-associated signaling pathways. Hence, acenocoumarol and silodosin can be further explored as repurposed candidates in future preclinical and clinical studies.",F1000Research,2024.0
90,42625940,"Isolation, Molecular Characterization, and Antibacterial Activity of Actinomycetes Associated With Horsemint (<i>Mentha longifolia</i>).","Actinomycetes, renowned for their antibiotic-producing capabilities, represent a promising avenue for the discovery of novel antimicrobial agents, especially amid the global challenge of antibiotic resistance. This study explored the endophytic actinomycetes associated with horsemint (<i>Mentha longifolia</i>), a medicinal plant known for its antimicrobial properties, to uncover potential sources of novel antibiotics. Actinomycetes were isolated from horsemint samples collected in Ilam Province, Iran. Forty isolates were identified based on morphological and molecular analyses, including <i>16S rRNA</i> gene amplification. Antibacterial activity was evaluated against clinically relevant pathogens, including ESKAPE bacteria. Six isolates exhibited significant inhibitory effects, particularly against <i>Pseudomonas aeruginosa</i> and <i>Klebsiella pneumoniae</i>, with some also active against <i>Staphylococcus aureus</i>. Further analysis revealed the presence of biosynthetic gene clusters (BGCs), including non-ribosomal peptide synthetases (<i>NRPS</i>) and polyketide synthases (<i>PKS-I</i> and <i>PKS-II</i>), in several isolates. Notably, strains such as <i>T35</i> and <i>T37</i> harbored all three gene types and demonstrated broad-spectrum antibacterial activity. Strain <i>B22</i>, containing the <i>NRPS</i> gene, showed significant inhibition of both drug-resistant and drug-sensitive pathogens. However, some isolates with BGCs exhibited no antibacterial activity, suggesting that gene expression and metabolite production are influenced by regulatory or environmental factors. This study highlights the untapped potential of <i>M. longifolia</i>-associated Actinomycetes as a source of bioactive compounds. The discovery of strains with robust antibacterial activity underscores their value in addressing the urgent need for new antimicrobial agents, especially in combating antibiotic resistance. These findings also emphasize the importance of plant-microbe interactions in natural product biosynthesis. Future work should focus on optimizing conditions for activating silent gene clusters and further characterizing the therapeutic potential of these bioactive compounds.",Archives of Razi Institute,2025.0
68,42633474,When Hemiplegic Migraine Defies Expectations: Diagnostic Complexity in a Rare Genetic Disorder.,"Familial hemiplegic migraine (FHM) is a rare and complex inherited subtype of migraine with aura, characterised by migraine with a reversible motor aura, and may present with a wide spectrum of neurological symptoms, making diagnosis particularly challenging. We report a case of FHM presenting with prolonged hemiparesis, severe headache, altered consciousness, and fever. This constellation of symptoms initially suggested acute stroke, encephalitis, or status epilepticus. A precise clinical history and targeted genetic testing (CACNA1A, ATP1A2, SCN1A, and PRRT2) proved essential for establishing the diagnosis. This case highlights the wide phenotypic variability of FHM and the risk of misdiagnosis in emergency settings. Early recognition through careful clinical assessment and appropriate genetic testing enabled appropriate management and avoided unnecessary interventions.",Case reports in neurology,2026.0
112,41834939,Secretion of IL-6 and TGF-β2 by Colon Cancer Cells May Promote Resistance to Chemotherapy.,"Colon rectal cancer still stands as the third most common form of cancer worldwide. 90% of colorectal cancer failure is attributed to the development of chemoresistance. In this study, we have investigated the influence of chemokine IL-6 and growth factor TGF-β2 on dox resistance development. HT-29 (benign, Duke's stage B, colon adenocarcinoma with smad4 mutation) and Colo205 (metastatic, Duke's stage C, colon adenocarcinoma with smad4 mutation) were treated with increasing concentrations of doxorubicin for 7-days to induce resistance in the presence or absence of TGF-β2 ligand. The media after each treatment was collected and the level of secretory IL-6 was evaluated through ELISA. The media was concentrated, and isoforms of TGF-β2 were immunoprecipitated. We report that over the 7-day treatment period, an increase in IL-6 expression was observed upon treatment and the expression pattern varied based on the cancer stage. Similarly, differently expressed glycosylated forms of TGF-β2 secretion was observed with Colo205 cells while only low glycosylated form was observed in HT-29 cell line. Further analysis into the molecular mechanism could shed light on the possible role of IL-6 and TGF-β2 secretion as molecular markers for resistance development in colon cancer cells.",Indian journal of clinical biochemistry : IJCB,2026.0
113,41834934,"Association of rs12826786 and rs1899663, Long Non-coding RNA <i>HOTAIR</i> Polymorphic Variants, with Susceptibility to Rheumatoid Arthritis Disease.","The most prevalent inflammatory arthropathy in the world is rheumatoid arthritis (RA). An essential part of the pathogenesis of RA involves autoimmune responses. Variants in lncRNAs may have an impact on the course and/or result of a disease and may have diagnostic or prognostic significance. Our study looked into the connection of rs12826786 and rs1899663 polymorphisms of <i>HOX antisense RNA (HOTAIR)</i> transcript with genetic susceptibility to RA. The study involved 300 participants in total, 150 of them were RA patients and the remaining 150 were healthy controls. Using tetra primer ARMS-PCR, the <i>HOTAIR</i> polymorphisms rs12826786 and rs1899663 were detected. More observations of the T allele of rs1899663 and the C allele of rs12826786 were made in the study group compared to the control group. The <i>HOTAIR</i> rs12826786 variant displayed a significant association with susceptibility to RA in both recessive (OR = 2.45, 95% CI = 1.47-4.09, <i>P</i> = 0.0004) and over-dominant (OR = 0.42, 95% CI = 0.26-0.68, <i>P</i> = 0.0003) models. In addition, the <i>HOTAIR</i> rs1899663 was shown to be linked to RA susceptibility in the co-dominant model (OR = 0.32, 95% CI = 0.17-0.61, <i>P</i> = 0.0004 for GG genotype), dominant model (OR = 0.48, 95% CI = 0.29-0.81, <i>P</i> = 0.005), and recessive model (OR = 0.43, 95% CI = 0.25-0.74, <i>P</i> = 0.001). The CT haplotype is linked to a greater risk of RA, whereas the CG haplotype confers protection against RA. We reported for the first time, <i>HOTAIR</i> rs12826786 and rs1899663 variants are associated with susceptibility to developing RA among the Iranian population. In addition, the CT and CG haplotypes were associated with the risk of RA. Further functional studies are needed to elucidate the role of these variations on <i>HOTAIR</i> expression.",Indian journal of clinical biochemistry : IJCB,2026.0
271,42147992,Monogenic Findings in Early Pregnancy Loss: Whole-Exome Sequencing Study of Euploid Products of Conception.,"Early pregnancy loss (EPL), particularly when recurrent, represents a profoundly distressing experience for affected couples. Although chromosomal abnormalities are the most common cause of EPL, a substantial proportion of cases, especially those involving euploid embryos, remain unexplained. In this study, we investigated the potential contribution of rare monogenic variants to euploid EPL using whole-exome sequencing (WES). WES was performed on 66 euploid products of conceptions (POCs) from EPLs occurring before 12 gestational weeks. A molecular diagnosis with a high level of confidence, defined as the presence of pathogenic or likely pathogenic (P/LP) variant(s) consistent with the expected mode of inheritance, was established in 13/66 POCs (19.7%). These included one large 21q22.12-q22.3 duplication encompassing <i>DYRK1A</i> and <i>RUNX1</i>. P/LP small variants were detected in <i>CPLANE1</i>, <i>DHCR7</i>, <i>DSG2</i>, <i>DVL1</i>, <i>F5</i>, <i>NF1</i>, <i>RBM8A</i>, <i>SLC6A1</i>, and <i>VWF</i>, representing genes with variable degrees of prior association with developmental phenotypes and, in some cases, limited or no evidence for embryonic lethality. In an additional 9/66 POCs (13.6%), findings were suggestive but not conclusive for a monogenic contribution. These included four cases with compound heterozygosity involving a pathogenic variant and a variant of uncertain significance (VUS) in autosomal recessive genes (<i>GBA1</i>, <i>PAH</i>, <i>PKHD1</i>, and <i>RPGRIP1L</i>), as well as five cases harboring single heterozygous VUS in autosomal dominant genes (<i>MYH3</i>, <i>PRDM6</i>, <i>SCN5A</i>, <i>TBX18</i>, and <i>TSC1</i>). The pathogenic relevance of these variants remains uncertain, particularly in the absence of functional validation. The implicated genes were clustered in biological categories: 1) genes plausibly associated with prenatal or early embryonic lethality, 2) genes causing severe congenital disorders not typically considered embryonically lethal, and 3) genes linked to later-onset or susceptibility phenotypes. These observations are consistent with a spectrum model in which highly deleterious variants may act as primary drivers of embryonic demise, whereas variants with reduced penetrance, later-onset associations or uncertain significance may contribute in a multifactorial context, potentially interacting with additional genetic, maternal or environmental factors. In conclusion, our findings suggest that monogenic variants may contribute to a subset of euploid EPL cases, although the strength of evidence varies considerably across detected variants. The integration of WES into the evaluation of recurrent euploid pregnancy loss holds promise but should be interpreted with caution. Further studies incorporating functional analyses, larger cohorts, and parental data are needed to clarify causality and to define the clinical utility of such approaches in genetic counseling, recurrence-risk assessment, and reproductive planning.",Balkan journal of medical genetics : BJMG,2025.0
137,42500341,"Association of <i>MT1A</i> rs11640851, rs8052394 and rs11076161 Polymorphisms with the Risk of Developing Breast Cancer: A Haplotype-Based Case-Control Study and in Silico Analysis.","Metallothionein 1 A (MT1a) is involved in many pathological conditions associated with antioxidant defense and detoxification, including cancer. The aim of this study was to investigate the possible association of <i>MT1A</i> rs11640851, rs8052394, and rs11076161 single nucleotide polymorphisms (SNPs) with the risk of breast cancer (BC) and clinicopathological features. The study included 100 patients with BC and 100 healthy controls. We genotyped the <i>MT1A</i> SNPs using the polymerase chain reaction-restriction fragment length polymorphism (PCR-RFLP) and amplification refractory mutation system PCR (ARMS-PCR) techniques. The genotypic and allelic associations of <i>MT1A</i> SNPs with susceptibility to BC were assessed using logistic regression analysis under co-dominant, dominant, and recessive inheritance models. The combined effect of <i>MT1A</i> SNPs on the BC risk was determined using the haplotype analysis. In silico analysis was performed using the Polyphen-2 and RNAsnp online servers. The rs11640851 was found to be associated with a reduced risk of BC in all three inheritance models (<i>P</i> < 0.05). We also found that rs11640851 A allele has a protective effect against BC (OR: 4.81; 95% CI: 2.65-8.72; <i>P</i> < 0.0001). For rs8052394/rs11076161, carriers of AG/AA combined genotype had a 3.84-fold increased risk for developing BC. Also, the haplotypes CAC and CGA (rs1164085, rs8052394, rs11076161) were significantly associated with BC susceptibility. The rs11640851 was predicted to be detrimental using Polyphen-2 server. This study provides the first evidence that rs11640851 is significantly associated with a reduced risk of BC suggesting its protective role in the development of BC. Two haplotypes CAC and CGA were also identified as risk factors for BC. The online version contains supplementary material available at 10.1007/s12291-025-01323-2.",Indian journal of clinical biochemistry : IJCB,2026.0
210,42633120,"Prevalence and antimicrobial resistance trends of ESKAPEE pathogens in clinical isolates from Hyderabad, Pakistan: a cross-sectional study.","Antimicrobial resistance is a major global health threat that limits treatment options and increases morbidity and mortality. ESKAPEE pathogens are prioritized by the World Health Organization and the Centers for Disease Control and Prevention because of their role in nosocomial infections and their ability to evade antimicrobials. This study aimed to determine the prevalence and antimicrobial resistance patterns of ESKAPEE pathogens in Hyderabad, Pakistan. A cross-sectional study was conducted from August 2023 to August 2024 at the University of Sindh. A total of 1072 clinical specimens were processed for bacterial isolation, identification, and antimicrobial susceptibility testing following Clinical and Laboratory Standards Institute and European Committee on Antimicrobial Susceptibility Testing guidelines. Isolates were classified as multidrug-resistant, extensively drug-resistant, or possible pandrug-resistant using the Magiorakos et al. criteria and the Centers for Disease Control and Prevention/Infectious Diseases Society of America definitions. Among positive cultures, ESKAPEE pathogens accounted for 82.1% of isolates. <i>Escherichia coli</i> was the most prevalent (49.8%), followed by <i>Klebsiella pneumoniae</i> (13.2%), <i>Acinetobacter baumannii</i> (9.7%), <i>Pseudomonas aeruginosa</i> (9.3%), <i>Enterococcus</i> spp. (8.3%), <i>Staphylococcus aureus</i> (8.0%), and <i>Enterobacter</i> spp. (1.7%). High resistance was observed to β-lactams, cephalosporins, and fluoroquinolones. Carbapenem resistance ranged from 11.1% to 25.7% in <i>E. coli</i>, 29.0% to 39.5% in <i>K. pneumoniae</i>, 48.2% in <i>P. aeruginosa</i>, and 60.7% to 64.3% in <i>A. baumannii</i>. The high burden of multidrug-resistant and extensively drug-resistant ESKAPEE pathogens highlights the urgent need for strengthened antimicrobial stewardship, continuous surveillance, and rigorous infection-control strategies.",IJID regions,2026.0
197,42540124,Gastrointestinal Ascariasis: Unusual Presentation in 2 Cases.,"Ascariasis is a helminthic infection caused by the nematode <i>Ascaris lumbricoides</i> and remains the most prevalent helminth infection worldwide. Although typically asymptomatic or limited to intestinal symptoms, intestinal ascariasis can present unusually as demonstrated in these two cases. The first case involves a 73-year-old male who was being treated for non-steroidal anti-inflammatory drug (NSAID) - induced upper gastrointestinal bleeding (UGIB) and was incidentally found to harbor Ascaris worms in the duodenum during endoscopy. The second case describes a 63-year-old male with decompensated liver cirrhosis who began vomiting and passing large quantities of Ascaris worms while hospitalized. Both patients responded excellently to anthelminthic therapy. The first case highlights the need to consider ascariasis in the differential diagnosis of upper gastrointestinal bleeding, either as a primary cause or in conjunction with other causes of upper GI bleeding. The second case underscores the importance of considering biliary ascariasis or ascariasis co-infection in patients with liver cirrhosis. Ascariasis continues to pose a significant public health challenge. Effective preventive strategies such as improved sanitation, enhanced personal hygiene, and routine deworming programs are crucial for reducing the disease burden and averting potentially severe complications.",Nigerian medical journal : journal of the Nigeria Medical Association,2025.0
158,41283084,Decoding the Genetic Landscape of Postoperative Nausea and Vomiting in Cancer Surgery: A New Frontier in Personalized Medicine Driven by Genome-Wide Association Studies.,"Postoperative nausea and vomiting (PONV) is a common complication following surgery, especially among cancer patients. It affects comfort, extends hospital stays, and increases healthcare costs. Advances in genomic research present an opportunity to explore genetic predispositions to PONV, potentially enabling targeted interventions and improved management strategies. This review consolidates findings from genome-wide association studies (GWAS) to identify genetic links to PONV in cancer patients and evaluate their implications for personalized medicine. A thorough search of databases such as PubMed, Scopus, and Web of Science identified GWAS studies on genetic predispositions to PONV in cancer surgery patients up to August 25, 2024. Studies were selected based on inclusion criteria that required reporting genetic associations with PONV, and the findings were analyzed for commonalities and discrepancies. Significant <i>P</i>-values (10^ - 6 to 10^ - 9) were found for multiple SNPs linked to PONV susceptibility. Specifically, rs2776262 (chromosome 21, LOC100506403) showed a <i>P</i>-value of 8.533 × 10<sup>-9</sup> with an odds ratio (OR) of 2.00. The SNP rs12609817 (chromosome 19, ZNF845) had a <i>P</i>-value of 1.055 × 10⁻<sup>9</sup> and an OR of 4.00, indicating a strong gene expression impact. Additionally, rs921634 (chromosome 7, PKD1L1) had a <i>P</i>-value of 1.393 × 10⁻<sup>9</sup> and an OR of 9.00, suggesting a significant association with polycystic kidney disease. Protective SNPs such as rs1927382 in FGF14 and rs1333114 in PTPRD were also identified, highlighting risk mitigation opportunities. GWAS studies have identified key SNPs associated with PONV in cancer surgery, including ZNF845 rs12609817, PKD1L1 rs921634, and CLDN14 rs2071049, as well as protective variants like FGF14 rs1927382 and PTPRD rs1333114. These insights advance our understanding of the genetic factors that influence PONV risk, supporting better prediction and management strategies. This research lays the groundwork for personalized treatments to improve patient outcomes in the perioperative setting. Further exploration of these SNPs and their biological mechanisms could enhance PONV prevention strategies for cancer surgery patients.",Indian journal of surgical oncology,2025.0
126,42602331,H2AX phosphorylation driven by the SET-PP2A axis maintains glioma stem cell properties.,"Glioblastoma harbors a subpopulation of glioma stem cells (GSCs) that drive tumor relapse and invasion. Although GSC properties are known to be regulated by key transcription factors and chromatin remodeling, the mechanisms governing stemness-associated gene expression and the role of histone proteins in this process remain poorly understood. Here, we revealed that GSCs possessed an increased level of histone variant H2AX and phosphorylated H2AX at Ser 139 (γH2AX). CRISPR-Cas9-mediated deletion of H2AX demonstrated its critical role in maintaining GSC self-renewal, tumorigenicity, and the expression of multiple stemness-associated genes. Reintroduction of wild-type H2AX, but not the phosphorylation-deficient S139A mutant, restored GSC properties in H2AX-knockout cells, underscoring the importance of H2AX phosphorylation. We further identified that the elevated γH2AX levels in GSCs result from suppressed PP2A phosphatase activity, driven by increased expression of the SET oncoprotein. Pharmacological reactivation of PP2A effectively reduced γH2AX levels in GSCs. Collectively, our findings uncover a novel mechanism for GSC maintenance and highlight the SET-PP2A axis as a key regulator of γH2AX levels, offering a potential therapeutic target to disrupt GSC-driven tumor growth.",Genes & diseases,2026.0
30,42633488,Leveraging network pharmacology in the treatment of asthma.,"Asthma, a chronic airway inflammatory disorder driven by multifaceted genetic, cellular and molecular interactions, remains inadequately managed by single-target therapies due to incomplete disease control and adverse effects; this review aimed to explore network pharmacology's role in elucidating multi-target mechanisms of phytotherapeutic agents for asthma, with a focus on integrating ADMET/DMPK profiling to predict clinical translatability and safety. We employed network pharmacology methodologies including target prediction (<i>e.g. via</i> PharmMapper, PubChem), protein-protein interaction network construction (STRING, Cytoscape), pathway enrichment analysis (KEGG, Reactome), molecular docking (AutoDock) and ADMET/DMPK modelling (SwissADME, pkCSM) to dissect multi-component herbal formulations, complemented by literature-mined experimental validations. Analyses identified key asthma-related targets (<i>e.g.</i> IL-17, TNF) and pathways (JAK-STAT, PI3K-AKT), revealing quercetin and kaempferol's multi-target efficacy in reducing airway inflammation and immune dysregulation; favourable ADMET profiles (high oral bioavailability, low toxicity) and DMPK parameters (metabolic stability <i>via</i> CYP inhibition) supported their therapeutic potential in herbal combinations. Network pharmacology, enhanced by ADMET/DMPK integration, advances a holistic understanding of herbal asthma treatments, promoting safe, multi-target drug development. Limitations include data gaps in multi-omics validation and herbal standardization, with future directions leveraging AI-driven predictions for personalized pharmacotherapy.",ADMET & DMPK,2026.0
22,42630617,Association of GH/<i>HaeIII</i> polymorphism with growth and developmental traits of Morkaraman sheep.,"This study investigated the impact of GH gene polymorphism in Morkaraman ewes on placental traits and lamb development characteristics across three years (2020-2022) at Atatürk University Sheep Farm, Erzurum. PCR-RFLP method with <i>HaeIII</i> endonuclease was used to identify GH gene polymorphism. Two genotypes were found in Morkaraman sheep: AA (50.40 %) and AB (49.60 %). Ewes with AA and AB genotypes showed birth weights of 4.32 and 4.43 kg, weaning weights of 14.32 and 15.42 kg, and daily gains of 209 and 223 g, respectively. While GH genotype did not significantly affect birth weight, it significantly influenced weaning weight ( <math xmlns=""http://www.w3.org/1998/Math/MathML""><mrow><mi>p</mi> <mo><</mo> <mn>0.01</mn></mrow> </math> ) and daily live weight gain ( <math xmlns=""http://www.w3.org/1998/Math/MathML""><mrow><mi>p</mi> <mo><</mo> <mn>0.05</mn></mrow> </math> ). Placental characteristics examined included placental weight, surface area, efficiency, total cotyledon numbers, cotyledon length and width, cotyledon efficiency, total cotyledon weight, and density. Genotype showed no significant effect on placental traits, but parity significantly affected placental area ( <math xmlns=""http://www.w3.org/1998/Math/MathML""><mrow><mi>p</mi> <mo><</mo> <mn>0.05</mn></mrow> </math> ). While lamb sex had no impact, delivery type significantly influenced placental weight ( <math xmlns=""http://www.w3.org/1998/Math/MathML""><mrow><mi>p</mi> <mo><</mo> <mn>0.05</mn></mrow> </math> ). Genotype showed highly significant effects ( <math xmlns=""http://www.w3.org/1998/Math/MathML""><mrow><mi>p</mi> <mo><</mo> <mn>0.01</mn></mrow> </math> ) on total cotyledon area, weight, and density among cotyledon characteristics. The present study found that Morkaraman ewes with the AB genotype of the GH gene revealed superior growth and placental characteristics, with their lambs also exhibiting enhanced growth traits. The results of the study indicate that beneficial genotypes can be identified from birth, thus leading to the development of improved breeding strategies.",Archives animal breeding,2025.0
24,42629135,Chemokine receptor CX3CR1 modulates microglial activity through Tau and amyloid-β interactions in Alzheimer's disease.,"Alzheimer's disease is one of the most prevalent forms of dementia characterized by neurocognitive decline. Key proteins involved in the progression of disease is amyloid-β and Tau. Abnormal accumulation of amyloid-β senile plaques and Tau neurofibrillary tangles are characteristic features of AD which drives synaptic dysfunction and leads to cognitive decline. Recent studies emphasizes the importance of G-protein coupled receptors in regulating microglial cells and has diverse functions in modulating AD, particularly in the clearance of these pathological proteins. Among these GPCRs, the chemokine receptor CX3CR1 has a critical role at the intersection of pathological proteins and microglial signalling. CX3CR1 receptor mediated signalling influences interaction between microglia and neuron mediating microglial uptake and processing of Aβ and Tau. Aging is also one of the risk factors of AD which alters CX3CR1 signalling, thereby exacerbating disease progression. This review highlights the multifaceted role of CX3CR1 in Tau and Aβ pathology and outlines its signalling mechanisms. Importantly, this review emphasizes the therapeutic potential of targeting the CX3CL1-CX3CR1 axis and involved in protein clearance and reduces neuroinflammation preserving synaptic function, offering a promising way to prevent AD.",Advances in immunology,2026.0
211,42633029,Short-Term Intensive Insulin Therapy as a Remission Induction Strategy in Newly Diagnosed Type 2 Diabetes Mellitus: A Systematic Review.,"Type 2 diabetes mellitus (T2DM) is characterized by progressive β-cell dysfunction, insulin resistance, and glucotoxicity, some of which may remain reversible early in the disease course. Short-term intensive insulin therapy (SIIT) may rapidly normalize hyperglycemia and facilitate β-cell recovery in newly diagnosed T2DM. This systematic review evaluated the effects of SIIT on glycemic control, drug-free remission, β-cell function, durability, and safety. PubMed/MEDLINE, Scopus, and Web of Science were searched for English-language randomized controlled trials published during the five-year period ending in April 2026. Four trials met the eligibility criteria. Because interventions, remission definitions, maintenance strategies, and follow-up periods differed substantially, study-level effect estimates, 95% confidence intervals, and p values were synthesized without statistical pooling. SIIT consistently improved early glycemic control, β-cell function, and insulin sensitivity. In one 245-participant trial, medication-supported hemoglobin A1c (HbA1c) below 6.5% at three months was achieved by 78.7% of participants receiving SIIT plus metformin-pioglitazone versus 59.0% receiving SIIT alone (adjusted p < 0.05); however, 12-month drug-free remission rates were similar at 50.0% and 50.6%, respectively (p = 0.972). Another trial found that linagliptin-metformin maintenance after SIIT increased the adjusted odds of achieving HbA1c below 7.0% at 48 weeks (odds ratio 2.78, 95% confidence interval 1.37-5.65; p = 0.005), although this represented medication-supported glycemic control rather than remission. In a two-year trial, induction SIIT improved β-cell function and insulin sensitivity (all p ≤ 0.0004), but repeated intermittent SIIT did not improve the Insulin Secretion-Sensitivity Index-2 (adjusted difference -35, 95% confidence interval -66 to -3; p = 0.03). Severe hypoglycemia was not reported in trials providing detailed safety data, and transient weight gain was not consistently demonstrated. SIIT may therefore serve as a selective metabolic induction strategy in early T2DM, but durable remission remains uncertain and may depend on effective sequential treatment. Standardized remission definitions, validated response predictors, and longer comparative trials are required before routine implementation.",Cureus,2026.0
66,42633481,Bimetallic metal organic framework modified screen printed electrode for simultaneous voltammetric determination of calcium folinate and methotrexate.,"Calcium folinate (CFT) is a medication used as an antidote to methotrexate (MTT) and as a vitamin against anaemia. MTT is used to treat a variety of carcinomas, including acute lymphoblastic leukaemia, head and neck cancer, gastric cancer, breast cancer and choriocarcinoma. A nanocomposite made of Fe and Mg linked to a 1,4-benzene dicarboxylate ligand metal organic framework (FeMg-BDC MOF) was created for this investigation. Using field emission scanning electron microscopy, the morphology and structure of the Mg-BDC MOF were examined. Next, a screen-printed electrode modified with a synthetic nanocomposite (FeMg-BDC MOF/SPE) was used as the working electrode for voltammetric detection of CFT. The FeMg-BDC MOF/SPE demonstrated high electrocatalytic activity for CFT oxidation as compared to unmodified SPE. The limit of detection is 0.04 μM, and under ideal conditions, the oxidation peak currents of CFT show a linear relationship with its concentration in the range of 0.1 to 390.0 μM. Additionally, when MTT was present, the FeMg-BDC MOF/SPE demonstrated good activity toward CFT determination. The separation of the oxidation peak potentials (255 mV) indicates that differential pulse voltammetry can be used to detect these two medications simultaneously. The devised sensor's applicability was confirmed with outstanding results using CFT and MTT assays in pharmaceutical specimens and urine samples.",ADMET & DMPK,2026.0
221,40881775,The Interface of Gene Editing with Regenerative Medicine.,"The potential of regenerative medicine in the clinical space is vast, given its ability to repair and replace damaged tissues, restore lost functions due to age or disease, and transform personalized therapy. Traditional regenerative medicine and tissue engineering strategies have created specialized tissues using progenitor cells and various biological stimuli. To date, there are many US Food and Drug Administration (FDA)-approved regenerative medicine therapies, such as those for wound healing and orthopedic injuries. Nonetheless, these therapies face challenges, including off-target effects, a lack of precision, and failure to target the disease or injury at its origin. In search of novel, precise, and efficient alternatives, the regenerative medicine landscape is shifting towards genome engineering technologies, particularly gene editing. Clustered regularly interspaced short palindromic repeats (CRISPR)-based gene editing systems enable precise knock-ins, knockouts, transcriptional activation and repression, as well as specific base conversions. This advancement has allowed researchers to treat genetic and degenerative diseases, control cell fate for highly regulated tissue repair, and enhance tissue functions. In this review, we explore the progress and future prospects of CRISPR technologies in regenerative medicine, focusing on how gene editing has led to advanced therapeutic applications and served as a versatile research tool for understanding tissue development and disease progression.","Engineering (Beijing, China)",2025.0
164,42548349,Tolerability and Safety of Nintedanib and Immunosuppression in Autoimmune Inflammatory Myopathy-Associated Progressive Pulmonary Fibrosis.,"Autoimmune-inflammatory myopathy-related interstitial lung diseases (AIM-ILDs) are often progressive and fibrotic. Given their rarity, little is known about the safety and tolerability of antifibrotic nintedanib in combination with immunosuppression in AIM-ILD. Is the addition of nintedanib to immunosuppression safe and tolerable in patients with AIM-ILD, and does nintedanib administration induce peripheral blood cell gene expression changes? This was a single-arm, open-label trial to assess safety and tolerability of nintedanib with immunosuppression. Patients with progressive, fibrotic AIM-ILD on background immunosuppression were given nintedanib for 24 weeks. The primary end point was the percentage of patients who took ≥ 90% study drug doses. The secondary end points included safety (adverse events) and efficacy (lung function) outcomes. Bulk RNA sequencing of peripheral blood was performed at baseline and each subsequent visit to examine gene expression. A total of 11 participants were enrolled; of these, 9 completed the study visits as per protocol. The trial was discontinued due to slow recruitment. Three participants (27%) took ≥ 90% doses of nintedanib. Drug compliance ranged from 27% to 95%. The most common adverse events were diarrhea, nausea/vomiting, and abdominal pain. There were no overall significant changes in lung function, or difference in gene expression in peripheral blood over time identified. Tolerability of combined nintedanib and immunosuppression in AIM-ILD appears challenging. Nintedanib treatment did not induce measurable gene expression changes in peripheral blood. However, the study's small sample size, compounded by recruitment difficulties leading to early discontinuation, restricts the robustness and generalizability of the findings. ClinicalTrials.gov; No.: NCT05335278; URL: www.clinicaltrials.gov.",CHEST pulmonary,2026.0
241,42630837,The impact of SGLT2 inhibitors on uric acid levels in patients with heart failure with preserved ejection fraction: integration of mechanisms and clinical evidence.,"Hyperuricemia (HUA) is a prevalent comorbidity in patients with heart failure with preserved ejection fraction (HFpEF) and is closely associated with disease progression and adverse outcomes. Sodium-glucose cotransporter 2 (SGLT2) inhibitors can rapidly and sustainably reduce serum uric acid (SUA) levels and lower the incidence of HUA-related clinical events; however, their underlying mechanisms remain unclear. This study employed network pharmacology and molecular docking to systematically investigate the potential mechanisms of SGLT2 inhibitors in HFpEF patients with concomitant hyperuricemia, focusing on uric acid metabolism modulation and inflammation-related pathways. Additionally, a machine learning approach was applied to retrospectively analyze the effects of SGLT2 inhibitors on SUA levels, aiming to clarify the therapy's biological basis and clinical relevance. The SMILES structures of eleven SGLT2 inhibitors were retrieved from PubChem. Potential drug targets were predicted via the SwissTargetPrediction platform and intersected with HFpEF- and HUA-related targets obtained from OMIM and GeneCards to identify common targets. Protein-protein interaction (PPI) networks were constructed using STRING to identify hub genes, followed by Gene Ontology (GO) and Kyoto Encyclopedia of Genes and Genomes (KEGG) enrichment analyses using DAVID. Molecular docking with AutoDock Vina assessed binding affinities. Clinical data of HFpEF patients were collected, and a classification model based on 34 clinical variables was developed using the FLAML automated machine learning framework to predict SGLT2 inhibitor treatment status and changes in SUA. Model interpretability and feature importance were performed using SHAP analysis. Eleven SGLT2 inhibitors acted on 32 targets associated with SUA reduction in HFpEF patients. Key pathways included tumor necrosis factor (TNF), advanced glycation end product-receptor for advanced glycation end product (AGE-RAGE), interleukin-17 (IL-17), and Kaposi's sarcoma-associated herpesvirus (KSHV) signaling. Molecular docking demonstrated favorable binding of SGLT2 inhibitors to core targets, including GAPDH, CASP3, ICAM1, ACE, DPP4, and AGTR1, with canagliflozin showing the strongest predicted binding affinity. Clinical data analyses identified uric acid and creatinine as the most important predictors in the machine learning model, reflecting their importance in model predictions. By integrating network pharmacology and retrospective clinical analysis, this study elucidates the potential uric acid-lowering mechanisms of SGLT2 inhibitors in HFpEF patients. The identified targets and pathways provide mechanistic insights into SGLT2 inhibitor pharmacology and support their therapeutic potential for managing hyperuricemia.",Frontiers in cardiovascular medicine,2026.0
148,42633066,Space radiation promotes clonal hematopoiesis and hematologic disease upon aging in a driver gene and sex-specific manner.,"The effects of space radiation on clonal hematopoiesis (CH) and its impact on long-term health outcomes are unknown. Using male and female murine models of <i>Trp53-</i>, <i>Ppm1d</i>-, and <i>Tet2</i>-mediated CH, we examined the effects of exposure to gamma radiation, simulated solar particle events, or simplified simulated galactic cosmic rays on the clonal expansion of mutant cells and long-term health outcomes. Radiation accelerated the expansion of <i>Trp53</i> and <i>Ppm1d</i>, but not <i>Tet2</i>, mutant clones. Over 18 months, male mice with <i>Trp53</i> mutant cells showed worse survival than controls, which was exacerbated following radiation exposure. The interaction between the mutation and radiation exposure was absent for the other driver genes and in female mice with <i>Trp53</i> mutations. Male mice with <i>Trp53</i> mutant cells exhibited evidence of hematologic disease and hematopoietic loss of the Y chromosome. Male astronauts with <i>TP53</i> clonal hematopoiesis may be at elevated risk of clone growth and hematologic disease following radiation exposure.",iScience,2026.0
207,42633266,Inflammation-triggered sensing and miRNA immunotherapy with a wireless battery-free hydrogel bioelectronic patch.,"Early diagnosis and timely intervention are crucial for the management of periodontal diseases driven by immune dysregulation. However, <i>in situ</i> sensing and drug delivery in the oral cavity remain challenging due to biological disparities between electronic devices and oral tissues. Here, we report a flexible, battery-free and hydrogel-based bioelectronics that integrates biological functions and wireless signal transmission for periodontal inflammation monitoring and localized microRNA (miRNA) immunomodulation. The hydrogel, synthesized from gelatin with bioactive peptide sequences cleavable by matrix metalloproteinases, responds specifically to protease activity associated with periodontal disease progression. Its enzymatic degradation is wirelessly transduced into quantitative radio-frequency signals of local immune activity, while simultaneously triggering the release of embedded miRNAs as critical immune regulators. <i>In vitro</i> and animal validations demonstrated diagnostic accuracy and therapeutic efficacy, leading to suppression of the inflammatory response. The combination of biosensing, wireless feedback and miRNA-based immunotherapy provides a closed-loop, adaptable platform for personalized management of periodontal and other inflammation-related disorders.",National science review,2026.0
165,42524382,Functional Varying-Index Coefficients Model for Dynamic Synergistic Gene-Environment Interactions.,"Human complex diseases are affected by both genetic and environmental factors. When multiple environmental risk factors are present, the interaction effect between a gene and the environmental mixture can be larger than the addition of individual interactions, resulting in the so-called synergistic gene-environment (G×E) interactions. Existing literature has shown the power of synergistic gene-environment interaction analysis with cross-sectional traits. In this work, we propose a functional varying index coefficient model for longitudinal traits together with multiple longitudinal environmental risk factors and assess how the genetic effects on a longitudinal disease trait are nonlinearly modified by a mixture of environmental influences. We derive an estimation procedure for the nonparametric functional varying index coefficients under the quadratic inference function and penalized spline framework. We evaluate some theoretical properties such as estimation consistency and asymptotic normality of the estimates. We further propose a hypothesis testing procedure to assess the significance of the synergistic G×E effect. The performance of the estimation and testing procedure is evaluated through Monte Carlo simulation studies. Finally, the utility of the method is illustrated by a real dataset from a pain sensitivity study in which SNP effects are nonlinearly modulated by a mixture of drug dosages and other environmental variables to affect patients' blood pressure and heart rate.",Statistics in biosciences,2026.0
227,40655353,Genomic Diversity and Antimicrobial Resistance of <i>Acinetobacter</i> sp.-A Pan Genome Analysis.,"<i>Acinetobacter baumannii</i> has been associated with severe clinically acquired infections. The prevalence of non-<i>A. baumannii</i>-linked diseases is now equivalent to that of <i>A. baumannii</i>-associated illnesses. Hence, this study intends to explore the genomic linkage of virulence and antibiotic resistance amongst the five <i>Acinetobacter</i> spp. (<i>A. baumannii</i>, <i>A</i>. <i>haemolyticus, A. johnsonni,</i> and <i>A. nosocomialis</i>) using pan genome analysis. The results revealed open pan genome in <i>Acinetobacter</i> sp. with increase in number of additional genes in pan genome. The resistance gene identifier revealed that <i>A. baumannii</i> was resistant to macrolides, fluoroquinolone, lincosamide, carbapenem, cephalosporin, tetracycline, rifamycin, diaminopyrimidine, phenicol antibiotics, and penem. Non-<i>A. baumannii sp. A. haemolyticus</i> had the Oxa beta lactamase gene (<i>Oxa</i>) with resistance to carbapenem, cephalosporin, penem. <i>A. johnsonii</i> had no perfect hits for resistance but showed weak similarity to <i>Oxa</i>. <i>A. nosocomialis</i> had resistance genes to fluoroquinoids. The prevalence of <i>Acinetobacter baumannii AbaQ</i> gene was found with <i>A. calcoaceticus</i> and <i>A. nosocomialis</i> sequences used in this study supporting the transformation of resistance genes between <i>Acinetobacter</i> sp. This comparative research underlines the need of differentiating between distinct <i>Acinetobacter</i> sp. infections with their genetic profile for accurate diagnosis and management based on their anti microbial resistance. The online version contains supplementary material available at 10.1007/s12088-024-01411-6.",Indian journal of microbiology,2025.0
